url,price,category_path,description,num_sales,review_snippets,title
https://www.mercadolibre.com.ar/galletita-don-satur-bizcochos-grasa-salado-200g/p/MLA16175955?highlight=true&headerTopBrand=false#polycard_client=search-nordic&searchVariation=MLA16175955&wid=MLA1999793296&position=15&search_layout=stack&type=product&tracking_id=6df1a6a0-b6e6-4d50-a136-1b6c14636ec6&sid=search,849,Alimentos y Bebidas > AlmacÃ©n > Galletitas > Galletita,"Descubre los deliciosos Bizcochitos Salados Don Satur, una exquisita opciÃ³n para disfrutar en cualquier momento del dÃ­a. Presentados en un prÃ¡ctico empaque de 200 g, estos bizcochos son ideales para acompaÃ±ar tus comidas o como un snack perfecto. Con un sabor salado y una textura crujiente, son el complemento ideal para tus picadas o simplemente para disfrutar solos. Elaborados por la reconocida marca Don Satur, estos bizcochos no son dietÃ©ticos, ni libres de gluten, ni orgÃ¡nicos, lo que los convierte en una opciÃ³n sabrosa para quienes buscan un gusto autÃ©ntico. AdemÃ¡s, cuentan con fecha de vencimiento, asegurando su frescura. Perfectos para compartir en reuniones o disfrutar en casa, los Bizcochitos Salados Don Satur son una elecciÃ³n que no te puedes perder. Â¡AtrÃ©vete a probarlos y deleita tu paladar con su inconfundible sabor!",100000,"['Cuchenme una cosita, este manjar con un feca dentro de la carpa amaneciendo en la montaÃ±a, lo pequeÃ±o placere de la vida ðŸ¤™.', 'Son muy ricos, pero deberÃ­an poner un precio acorde al gramaje. Esta marca subiÃ³ excesivamente.', 'Si se prreguntan el sabor, es medio como un chipÃ¡ con forma y textura de biscochito. Para mÃ­ son un manjar.', 'Siempre los compraremos! eternamente los favoritos!.', 'Ãšnicas,no abuso por que engordo!!.']",Galletita Don Satur Bizcochos  grasa salado 200Â g
https://www.mercadolibre.com.ar/galletita-don-satur-bizcochos-negrito-200g/p/MLA16176220?highlight=true&headerTopBrand=false#polycard_client=search-nordic&searchVariation=MLA16176220&wid=MLA1412095529&position=17&search_layout=stack&type=product&tracking_id=6df1a6a0-b6e6-4d50-a136-1b6c14636ec6&sid=search,1.000,Alimentos y Bebidas > AlmacÃ©n > Galletitas > Galletita,"Descubre el delicioso sabor de las Galletitas Bizcocho Don Satur Negrito Dulce, un producto que combina la tradiciÃ³n y la calidad de la marca Don Satur. Estas galletitas, con un peso neto de 200g, son perfectas para disfrutar en cualquier momento del dÃ­a. Su caracterÃ­stica principal es su sabor Negrito dulce, que deleitarÃ¡ tu paladar con cada bocado. Aunque no son un producto dietÃ©tico, ni libre de gluten, su textura suave y su sabor inconfundible las convierten en un snack irresistible. AdemÃ¡s, cada paquete incluye una fecha de vencimiento, asegurando su frescura. Ideal para compartir o disfrutar solo, estas galletitas son un clÃ¡sico que no puede faltar en tu despensa. Â¡AtrÃ©vete a probarlas y disfruta de un momento dulce!",10000,"['Cuchenme una cosita, este manjar con un feca dentro de la carpa amaneciendo en la montaÃ±a, lo pequeÃ±o placere de la vida ðŸ¤™.', 'Son muy ricos, pero deberÃ­an poner un precio acorde al gramaje. Esta marca subiÃ³ excesivamente.', 'Si se prreguntan el sabor, es medio como un chipÃ¡ con forma y textura de biscochito. Para mÃ­ son un manjar.', 'Siempre los compraremos! eternamente los favoritos!.', 'Ãšnicas,no abuso por que engordo!!.']",Galletita Don Satur Bizcochos negrito 200Â g
https://www.mercadolibre.com.ar/galletita-don-satur-bizcochos-dulce-200g/p/MLA16176019?highlight=true&headerTopBrand=false#polycard_client=search-nordic&searchVariation=MLA16176019&backend_model=search-backend&wid=MLA1141296773&position=12&search_layout=stack&type=product&tracking_id=6df1a6a0-b6e6-4d50-a136-1b6c14636ec6&sid=search,1.010.10,Alimentos y Bebidas > AlmacÃ©n > Galletitas > Galletita,"Â¡Bienvenidos a Distribuidora Maya!DisfrutÃ¡ del sabor tradicional de los Bizcochos Dulces Don Satur, un clÃ¡sico argentino que acompaÃ±a tus momentos mÃ¡s especiales. Ideales para el desayuno, la merienda o ese antojo dulce de media tarde, estas galletitas cuadradas, crocantes y azucaradas se convierten en el complemento perfecto para tu cafÃ©, mate o tÃ©.CaracterÃ­sticas del producto:PresentaciÃ³n: Paquete de 200 gSabor: Dulce clÃ¡sicoProducto no dietÃ©tico, no apto para celÃ­acosCon fecha de vencimiento vigente para garantizar su frescuraMarca reconocida y confiable: Don SaturEstos bizcochos son una delicia que ha pasado de generaciÃ³n en generaciÃ³n en la mesa de los argentinos. Su textura crocante y su sabor inconfundible los convierten en una elecciÃ³n ideal para compartir o disfrutar solo.DISTRIBUIDORA MAYAProductos para tu oficina, empresa o estudio al mejor precio.",50000,"['Cuchenme una cosita, este manjar con un feca dentro de la carpa amaneciendo en la montaÃ±a, lo pequeÃ±o placere de la vida ðŸ¤™.', 'Son muy ricos, pero deberÃ­an poner un precio acorde al gramaje. Esta marca subiÃ³ excesivamente.', 'Si se prreguntan el sabor, es medio como un chipÃ¡ con forma y textura de biscochito. Para mÃ­ son un manjar.', 'Siempre los compraremos! eternamente los favoritos!.', 'Ãšnicas,no abuso por que engordo!!.']",Galletita Don Satur Bizcochos dulce 200Â g
https://www.mercadolibre.com.ar/madalena-don-satur-de-vainilla-200g/p/MLA16176119?highlight=false&headerTopBrand=false#polycard_client=search-nordic&searchVariation=MLA16176119&backend_model=search-backend&wid=MLA1131389165&position=9&search_layout=stack&type=product&tracking_id=6df1a6a0-b6e6-4d50-a136-1b6c14636ec6&sid=search,1.959,Alimentos y Bebidas > AlmacÃ©n > Galletitas,"Descubre el delicioso sabor de las Magdalenas Don Satur Sabor Vainilla, un producto ideal para disfrutar en cualquier momento del dÃ­a. Estas exquisitas magdalenas, elaboradas por la reconocida marca Don Satur, son perfectas para acompaÃ±ar tu cafÃ© o tÃ©, o simplemente para satisfacer un antojo dulce. Cada paquete contiene 200g de pura suavidad y sabor, garantizando una experiencia Ãºnica en cada bocado. Aunque no son un producto dietÃ©tico ni libre de gluten, su irresistible sabor a vainilla las convierte en una opciÃ³n favorita para quienes buscan un deleite tradicional. AdemÃ¡s, cada unidad cuenta con fecha de vencimiento, asegurando su frescura y calidad. Perfectas para compartir o disfrutar en solitario, las Magdalenas Don Satur son un clÃ¡sico que no puede faltar en tu despensa. Â¡AtrÃ©vete a probarlas y dÃ©jate llevar por su sabor!",10000,"['Deliciosas.', 'Buen producto.', 'Una delicia.', 'Fresquitos.', 'RiquÃ­simas!.']",Madalena Don Satur de vainilla 200Â g
https://www.mercadolibre.com.ar/madalena-don-satur-de-chips-de-chocolate-200g/p/MLA16176255?highlight=false&headerTopBrand=false#polycard_client=search-nordic&searchVariation=MLA16176255&backend_model=search-backend&wid=MLA1131350238&position=13&search_layout=stack&type=product&tracking_id=6df1a6a0-b6e6-4d50-a136-1b6c14636ec6&sid=search,1.959,Alimentos y Bebidas > AlmacÃ©n > Galletitas,______________________________________________________________Magdalenas Don Satur Con Chips De Chocolate.______________________________________________________________Las imÃ¡genes son ilustrativas. Las presentaciones pueden variar sin previo aviso.,5000,"['Deliciosas.', 'Buen producto.', 'Una delicia.', 'Fresquitos.', 'RiquÃ­simas!.']",Madalena Don Satur de chips de chocolate 200Â g
https://www.mercadolibre.com.ar/galletita-don-satur-talitas-queso-110g/p/MLA38453698?highlight=false&headerTopBrand=false#polycard_client=search-nordic&searchVariation=MLA38453698&wid=MLA1851223554&position=4&search_layout=stack&type=product&tracking_id=6df1a6a0-b6e6-4d50-a136-1b6c14636ec6&sid=search,2.000,Alimentos y Bebidas > AlmacÃ©n > Galletitas > Galletita,"Galletita Don Satur Talitas Queso 110gDeliciosas galletitas de queso, ideales para disfrutar en cualquier momento del dÃ­a. Su textura crujiente y sabor inconfundible las convierten en un snack perfecto. Estas galletitas, de la reconocida marca Don Satur, son un deleite para los amantes del queso. Con un peso neto de 110 g, son ideales para compartir en reuniones o disfrutar solas en un momento de antojo. Aunque no son un producto dietÃ©tico y contienen sal, su sabor irresistible las hace destacar entre otros snacks. AdemÃ¡s, cuentan con una fecha de vencimiento, asegurando su frescura. Â¡No te pierdas la oportunidad de saborear estas Talitas de queso, que seguramente se convertirÃ¡n en tu opciÃ³n favorita!",1000,"['De diez!!!!.', 'Excelente compra.', 'Estban buenisimas me las comi al toque.', 'Me ha sorprendido, son muy ricos.', 'Una maravilla maravillosa de la genialidad genial de los sabores saboreados sabrosos y riquÃ­simos. !!!.']",Galletita Don Satur Talitas Queso 110g
https://www.mercadolibre.com.ar/madalena-don-satur-de-chocolate-con-dulce-de-leche-220g/p/MLA16175920?highlight=false&headerTopBrand=false#polycard_client=search-nordic&searchVariation=MLA16175920&wid=MLA1131395641&position=10&search_layout=stack&type=product&tracking_id=6df1a6a0-b6e6-4d50-a136-1b6c14636ec6&sid=search,1.959,Alimentos y Bebidas > AlmacÃ©n > Galletitas,"______________________________________________________________Magdalenas Don Satur Dulces.Disfruta de las exquisitas Magdalenas Don Satur, un deleite que combina la suavidad del chocolate con el irresistible relleno de dulce de leche. Estas magdalenas son perfectas para cualquier ocasiÃ³n, ya sea un desayuno especial, una merienda o un postre. Con un peso neto de 220 g, cada unidad estÃ¡ elaborada con ingredientes de alta calidad, garantizando un sabor autÃ©ntico y delicioso. No son un producto dietÃ©tico y contienen sal, lo que realza su sabor. AdemÃ¡s, cuentan con fecha de vencimiento, asegurando su frescura. Ideal para compartir o disfrutar en solitario, las Magdalenas Don Satur son un capricho que no te puedes perder. Â¡AtrÃ©vete a probarlas y dÃ©jate seducir por su sabor Ãºnico! ______________________________________________________________",5000,"['Deliciosas.', 'Buen producto.', 'Una delicia.', 'Fresquitos.', 'RiquÃ­simas!.']",Madalena Don Satur de chocolate con dulce de leche 220Â g
https://www.mercadolibre.com.ar/galletita-don-satur-talitas-mix-semillas-140g/p/MLA38477079?highlight=false&headerTopBrand=false#polycard_client=search-nordic&searchVariation=MLA38477079&wid=MLA1438367419&position=18&search_layout=stack&type=product&tracking_id=6df1a6a0-b6e6-4d50-a136-1b6c14636ec6&sid=search,2.000,Alimentos y Bebidas > AlmacÃ©n > Galletitas > Galletita,"Galletita Don Satur Talitas Mix Semillas 140gDeliciosas galletitas con una mezcla de semillas, ideales para disfrutar en cualquier momento del dÃ­a. Perfectas para acompaÃ±ar un cafÃ© o como snack saludable. Su textura crujiente y sabor Ãºnico las convierten en una opciÃ³n irresistible. Estas galletitas, bajo la reconocida marca Don Satur, son un deleite para los amantes de los sabores autÃ©nticos. Presentadas en un prÃ¡ctico paquete de 140 g, son ideales para llevar a cualquier lugar. Aunque no son un producto dietÃ©tico ni libre de gluten, su combinaciÃ³n de ingredientes las hace perfectas para quienes buscan un snack sabroso. AdemÃ¡s, cuentan con fecha de vencimiento, garantizando su frescura. Con un toque de sal, estas Talitas son el complemento ideal para tus momentos de relax. Â¡No te quedes sin probarlas!",1000,"['La verdad son muy ricas !!. Recomiendo.', 'RiquÃ­simas.', 'Son muy ricos.', 'Buen producto, buen precio.', 'Excelente producto.']",Galletita Don Satur Talitas Mix Semillas 140g
https://www.mercadolibre.com.ar/bizcocho-bizcochito-salado-don-satur-200g-biscochit-caja-x30/p/MLA21638978?highlight=false&headerTopBrand=false#polycard_client=search-nordic&searchVariation=MLA21638978&wid=MLA2024372494&position=19&search_layout=stack&type=product&tracking_id=6df1a6a0-b6e6-4d50-a136-1b6c14636ec6&sid=search,27.280,Alimentos y Bebidas > AlmacÃ©n > Galletitas,"Bizcochos Salados Don Satur - Pack X30.Los bizcochitos salados de grasa Don Satur argentinos son un tipo de galletas saladas, de tamaÃ±o ovalado y pequeÃ±o. Son tradicionales en la gastronomÃ­a argentina. Suelen ser bastante sÃ³lidos o crocantes.De forma, vistos desde arriba o desde abajo son ovalados de unos tres cm de longitud y unos 1/Â½ cm de anchura mÃ¡xima en su centro.Teniendo casi siempre 8 o 9 pequeÃ±os orificios simÃ©tricamente distribuidos en toda su superficie y espesor.Su color es, merced a la cocciÃ³n, de un muy superficialmente uniforme claro color marrÃ³n claro.Especificaciones:â€¢ Marca: Don Satur.â€¢ Tipo: Bizcocho.â€¢ Sabor: Salado.â€¢ Contenido neto por paquete: 200g.â€¢ Contenido neto total: 6000g.â€¢ Cantidad: 30 paquetes.",500,"['Recomiendo.', 'Exquisito!! ðŸ˜‹ðŸ¤¤â˜•ðŸ«–ðŸ§‰ðŸ«–â˜•ðŸºðŸ¥›ideal para comer a cualquier hora ðŸ˜‹ðŸ¤¤. Super lleno cada paquete ðŸ˜‹.\nF. De venc. 23/9/25. DÃ­a actual 21/5/25.\nSuper frescos y enteros. 30 unidades $ 27. 240. Compre para este invierno â˜ƒï¸ saludos gente. ðŸ‡¦ðŸ‡·aguante don saturðŸ‡¦ðŸ‡·ðŸ‘ðŸ»ðŸ‘ŒðŸ»ðŸ˜Š.']",Bizcocho Bizcochito Salado Don Satur 200g Biscochit Caja X30
https://www.mercadolibre.com.ar/don-satur-bizcochos-dulces-200g-pack-x-30un/p/MLA20003498?highlight=false&headerTopBrand=false#polycard_client=search-nordic&searchVariation=MLA20003498&wid=MLA2024512732&position=5&search_layout=stack&type=product&tracking_id=6df1a6a0-b6e6-4d50-a136-1b6c14636ec6&sid=search,27.280,Alimentos y Bebidas > AlmacÃ©n > Galletitas > Don Satur,"Descubre la deliciosa tradiciÃ³n de Don Satur con nuestros Bizcochos Dulces en un conveniente pack de 30 unidades, cada uno con un peso neto de 200g. Ideales para compartir en familia o con amigos, estos bizcochos dulces son perfectos para cualquier ocasiÃ³n. Elaborados por la reconocida marca Don Satur, estos bizcochos no son dietÃ©ticos, libres de gluten ni veganos, pero sÃ­ ofrecen un sabor dulce irresistible que encantarÃ¡ a todos. Con sal en su composiciÃ³n, estos bizcochos son una opciÃ³n deliciosa y accesible. Â¡Muy baratos en LA GOLOSINERIA! Recuerda, las fotos son ilustrativas.",100,['Fantastico!!.'],Don Satur Bizcochos Dulces 200g Pack X 30un
https://www.mercadolibre.com.ar/madalena-don-satur-de-vainilla-con-dulce-de-leche-200g/p/MLA16176204?highlight=false&headerTopBrand=false#polycard_client=search-nordic&searchVariation=MLA16176204&backend_model=search-backend&wid=MLA1131408636&position=20&search_layout=stack&type=product&tracking_id=6df1a6a0-b6e6-4d50-a136-1b6c14636ec6&sid=search,1.959,Alimentos y Bebidas > AlmacÃ©n > Galletitas,"Descubre las deliciosas Magdalenas Don Satur, un exquisito postre que combina la suavidad del sabor vainilla con el irresistible relleno de dulce de leche. Cada paquete contiene 220g de pura indulgencia, ideal para disfrutar en cualquier momento del dÃ­a. Estas magdalenas no son un producto dietÃ©tico y contienen gluten, lo que las convierte en una opciÃ³n perfecta para quienes buscan un placer sin restricciones. Presentadas en condiciones nuevas, cada magdalena estÃ¡ cuidadosamente elaborada por Don Satur, una marca reconocida por su calidad. AdemÃ¡s, cuentan con fecha de vencimiento, asegurando su frescura. Perfectas para acompaÃ±ar un cafÃ© o como un capricho dulce, estas magdalenas son un deleite que no te puedes perder. Â¡AtrÃ©vete a saborear la combinaciÃ³n perfecta de vainilla y dulce de leche!",10000,"['Deliciosas.', 'Buen producto.', 'Una delicia.', 'Fresquitos.', 'RiquÃ­simas!.']",Madalena Don Satur de vainilla con dulce de leche 200Â g
https://www.mercadolibre.com.ar/pack-x2u-bizcochitos-dulces-don-satur-negritos-200g/p/MLA46498038?highlight=false&headerTopBrand=false#polycard_client=search-nordic&searchVariation=MLA46498038&wid=MLA2022484758&position=14&search_layout=stack&type=product&tracking_id=6df1a6a0-b6e6-4d50-a136-1b6c14636ec6&sid=search,1.985,Alimentos y Bebidas > AlmacÃ©n > Galletitas,Pack X2u Bizcochitos Dulces Don Satur Negritos 200g,50,[],Pack X2u Bizcochitos Dulces Don Satur Negritos 200g
https://www.mercadolibre.com.ar/pack-x2u-magdalenas-marmoladas-sabor-vainilla-don-satur-200g/p/MLA46509488?highlight=false&headerTopBrand=false#polycard_client=search-nordic&searchVariation=MLA46509488&wid=MLA2022601352&position=8&search_layout=stack&type=product&tracking_id=6df1a6a0-b6e6-4d50-a136-1b6c14636ec6&sid=search,3.539,Alimentos y Bebidas > AlmacÃ©n > Galletitas,"Descubre el delicioso Pack X2u de Magdalenas Marmoladas Sabor Vainilla de Don Satur, un producto que combina la suavidad de las magdalenas con un exquisito sabor a vainilla. Cada paquete contiene 200 g de estas irresistibles galletitas, ideales para acompaÃ±ar tus momentos de cafÃ© o tÃ©. Su textura esponjosa y su sabor marmoleado las convierten en un deleite para los amantes de los postres.Elaboradas con ingredientes de calidad, estas magdalenas son perfectas para disfrutar en cualquier ocasiÃ³n, ya sea como un snack en la tarde o como un postre especial. Su presentaciÃ³n en pack de dos unidades asegura que siempre tengas a mano una deliciosa opciÃ³n para compartir o disfrutar en solitario. No te pierdas la oportunidad de saborear estas magdalenas que, aunque no son dietÃ©ticas ni libres de gluten, ofrecen un placer inigualable en cada bocado. Ideal para quienes buscan un momento de indulgencia en su dÃ­a a dÃ­a, el Pack X2u de Magdalenas Marmoladas Sabor Vainilla de Don Satur es una elecciÃ³n que no decepcionarÃ¡.",5,[],Pack X2u Magdalenas Marmoladas Sabor Vainilla Don Satur 200g
https://www.mercadolibre.com.ar/packx2u-galletitas-dulces-pepas-con-membrillo-don-satur-300g/p/MLA46466245?highlight=false&headerTopBrand=false#polycard_client=search-nordic&searchVariation=MLA46466245&wid=MLA1479285119&position=22&search_layout=stack&type=product&tracking_id=6df1a6a0-b6e6-4d50-a136-1b6c14636ec6&sid=search,2.104,Alimentos y Bebidas > AlmacÃ©n > Galletitas > Pepas Don Satur,"Descubre el placer de disfrutar las Galletitas Dulces Pepas Con Membrillo de Don Satur. Este pack de 300g ofrece una combinaciÃ³n perfecta de sabor y textura, ideal para aquellos que buscan un snack delicioso en cualquier momento del dÃ­a. Con su caracterÃ­stico sabor dulce y la suavidad del membrillo, cada bocado es una experiencia Ãºnica que deleitarÃ¡ a los amantes de las galletitas.Perfectas para acompaÃ±ar un cafÃ© o como un tentempiÃ© en la tarde, estas galletitas son ideales para compartir con amigos y familiares. Su formato prÃ¡ctico permite llevarlas a cualquier lugar, asegurando que siempre tengas un dulce momento a mano. AdemÃ¡s, su contenido de sal aporta un equilibrio que realza el sabor del membrillo, convirtiÃ©ndolas en una opciÃ³n irresistible.Elaboradas por la reconocida marca Don Satur, estas galletitas son un clÃ¡sico que no puede faltar en tu despensa. Su versatilidad las hace adecuadas para diversas ocasiones, desde meriendas hasta picnics. AtrÃ©vete a disfrutar de un sabor autÃ©ntico que te transportarÃ¡ a momentos de felicidad y calidez.",25,[],Packx2u Galletitas Dulces Pepas Con Membrillo Don Satur 300g
https://articulo.mercadolibre.com.ar/MLA-1124614564-galletitas-bizcocho-de-grasa-don-satur-salado-mejor-precio-_JM?highlight=false&headerTopBrand=false#polycard_client=search-nordic&position=23&search_layout=stack&type=item&tracking_id=6df1a6a0-b6e6-4d50-a136-1b6c14636ec6&wid=MLA1124614564&sid=search,1.010.10,Alimentos y Bebidas > AlmacÃ©n > Galletitas,"Â¡Somos Mejor Precio!______________________________________________________________Bizcocho Salado Don Satur.Los Bizcochitos Salados de Grasa Don Satur Argentinos son un tipo de galletas saladas, de tamaÃ±o ovalado y pequeÃ±o. Son tradicionales en la gastronomÃ­a argentina. Suelen ser bastante sÃ³lidos o crocantes.De forma, vistos desde arriba o desde abajo son ovalados de unos tres cm de longitud y unos 1/Â½ cm de anchura mÃ¡xima en su centro.Teniendo casi siempre 8 o 9 pequeÃ±os orificios simÃ©tricamente distribuidos en toda su superficie y espesor.Su color es, merced a la cocciÃ³n, de un muy superficialmente uniforme claro color marrÃ³n claro.Especificaciones:â€¢ Marca: Don Satur.â€¢ Tipo: Bizcocho.â€¢ Sabor: Salado.â€¢ Contenido neto: 200g.â€¢ Cantidad: 1 paquete.______________________________________________________________IMPORTANTEâ€¢ REALIZAMOS FACTURA A Y B.â€¢ EL PESO MÃXIMO ES DE 25 KG. SI SE SUPERA, SE CANCELARÃ LA COMPRA.â€¢ LAS IMÃGENES SON ILUSTRATIVAS. LAS PRESENTACIONES PUEDEN VARIAR SIN PREVIO AVISO",5000,"['Exelente calidad relaciÃ³n precio calidad.', 'Excelente relaciÃ³n precio y calidad.', 'De diez, magnifico.']",Galletitas Bizcocho De Grasa Don Satur Salado - Mejor Precio
https://articulo.mercadolibre.com.ar/MLA-1477702399-galletas-saladas-talitas-sabor-queso-don-satur-x-110-grs-_JM?highlight=false&headerTopBrand=false#polycard_client=search-nordic&position=24&search_layout=stack&type=item&tracking_id=6df1a6a0-b6e6-4d50-a136-1b6c14636ec6&wid=MLA1477702399&sid=search,1.431,Alimentos y Bebidas > AlmacÃ©n > Galletitas,El vendedor no incluyÃ³ una descripciÃ³n del producto,25,['Deliciosos! sabe mucho a quesoðŸ˜‹.'],Galletas Saladas Talitas Sabor Queso Don Satur X 110 Grs
https://articulo.mercadolibre.com.ar/MLA-1479184173-magdalenas-don-satur-vainilla-rellenas-de-dulce-de-leche-_JM?highlight=false&headerTopBrand=false#polycard_client=search-nordic&position=25&search_layout=stack&type=item&tracking_id=6df1a6a0-b6e6-4d50-a136-1b6c14636ec6&wid=MLA1479184173&sid=search,2.173,Alimentos y Bebidas > AlmacÃ©n > Galletitas,"**Puntos clave:**1. Magdalenas Don Satur sabor Vainilla.2. Rellenas de delicioso dulce de leche.3. Elaboradas con ingredientes de alta calidad.4. Textura esponjosa y sabor irresistible.5. PresentaciÃ³n ideal para disfrutar en cualquier momento del dÃ­a.**DescripciÃ³n:**Disfruta de un momento de dulzura con las exquisitas Magdalenas Don Satur de Vainilla rellenas de dulce de leche. Estas magdalenas son el equilibrio perfecto entre la suavidad de la masa de vainilla y la dulzura del relleno de dulce de leche, elaboradas con ingredientes de alta calidad para garantizar un sabor inigualable. Su textura esponjosa y su delicioso relleno las convierten en un bocado irresistible para disfrutar en el desayuno, la merienda o en cualquier momento del dÃ­a. Â¡DÃ©jate tentar por estas deliciosas magdalenas Don Satur y endulza tu dÃ­a!Somos ""AEH MALL"" ; Tu TIENDA ON LINE - Las 24 hs. los 365 dÃ­as del aÃ±o.Estamos ubicados en: Ruta 28 (PILAR -Zona Nor-Oeste del AMBA - Buenos Aires) y ahora tambiÃ©n en nuestro""NUEVO PUNTO DE RETIRO - En el Microcentro sobre San Martin, a media cuadra de Galerias Pacifico.Si â€œTu Compraâ€ es en modalidad â€œFULLâ€, no te preocupes, Mercado EnvÃ­os FULL, se ocupa desde â€œSUS DEPÃ“SITOSâ€ de enviarte tu compra de manera â€œRÃ¡pida Y Seguraâ€, por lo que no podremos realizar cambios y/o modificaciones dentro de la misma, ya que esta, es despachada de manera robÃ³tica desde los â€œ CENTROS de ENVÃOS FULLâ€La empresa tiene una PolÃ­tica de InnovaciÃ³n constante, se reserva el derecho de modificar diseÃ±os con los cambios introducidos por los fabricantes sin incurrir en obligaciÃ³n alguna. Las imÃ¡genes puestas en MERCADOLIBRE son de carÃ¡cter ILUSTRATIVO no contractuales, como tambiÃ©n la descripciÃ³n hecha en la publicaciÃ³n.# ENVIOS:Hacemos envÃ­os a todo el paÃ­s, a travÃ©s de Mercado EnvÃ­os o de manera privada.     # RETIROS Personalmente: En el CorazÃ³n de C.A.B.A (Zona Microcentro - prÃ³ximo a Galerias Pacifico), te esperamos de 9:00 a 18:00 hs.# MEDIOS DE PAGO:Aceptamos todas las tarjetas de crÃ©dito y todas las tarjetas de dÃ©bito, abonando hasta en 12 cuotas sin interÃ©s. (MERCADO PAGO)# TE OFRECEMOS:Emitiremos Facturas â€œAâ€ en la medida que el comprador este registrado en el portal de Mercado Libre como Responsable Inscripto Frente al impuesto al Valor Agregado. Caso contrario emitiremos Facturas tipo B, dado que nuestro sistema factura de manera automÃ¡tica, tomando los datos del Portal.                     # TE BRINDAMOS:-Personal capacitado para asistencia tÃ©cnica.No olvides darte una vuelta por ""NUESTRO E-SHOP"" para disfrutar de una ""AMPLIA GAMA DE PRODUCTOS"" acordes a tus necesidades.!Â¡Â¡ GRACIAS POR VISITARNOS!!",5,[],Magdalenas Don Satur Vainilla Rellenas De Dulce De Leche
https://articulo.mercadolibre.com.ar/MLA-1396727549-bizcochitos-de-grasa-don-satur-200g-bizcocho-salado-_JM?highlight=false&headerTopBrand=false#polycard_client=search-nordic&position=26&search_layout=stack&type=item&tracking_id=6df1a6a0-b6e6-4d50-a136-1b6c14636ec6&wid=MLA1396727549&sid=search,978.38,Alimentos y Bebidas > AlmacÃ©n > Galletitas,"Bizcochitos De Grasa Don Satur 200g Bizcocho SaladoSomos ""AEH MALL"" ; Tu TIENDA ON LINE - Las 24 hs. los 365 dÃ­as del aÃ±o.Estamos ubicados en: Ruta 28 (PILAR -Zona Nor-Oeste del AMBA - Buenos Aires) y ahora tambiÃ©n en nuestro""NUEVO PUNTO DE RETIRO - En el Microcentro sobre San Martin, a media cuadra de Galerias Pacifico.Si â€œTu Compraâ€ es en modalidad â€œFULLâ€, no te preocupes, Mercado EnvÃ­os FULL, se ocupa desde â€œSUS DEPÃ“SITOSâ€ de enviarte tu compra de manera â€œRÃ¡pida Y Seguraâ€, por lo que no podremos realizar cambios y/o modificaciones dentro de la misma, ya que esta, es despachada de manera robÃ³tica desde los   â€œ CENTROS de ENVÃOS FULLâ€La empresa tiene una PolÃ­tica de InnovaciÃ³n constante, se reserva el derecho de modificar diseÃ±os con los cambios introducidos por los fabricantes sin incurrir en obligaciÃ³n alguna. Las imÃ¡genes puestas en MERCADOLIBRE son de carÃ¡cter ILUSTRATIVO no contractuales, como tambiÃ©n la descripciÃ³n hecha en la publicaciÃ³n.# ENVIOS:Hacemos envÃ­os a todo el paÃ­s, a travÃ©s de Mercado EnvÃ­os o de manera privada.                    # RETIROS Personalmente:   En el CorazÃ³n de C.A.B.A (Zona Microcentro - prÃ³ximo a Galerias Pacifico), te esperamos de 9:00 a 18:00 hs.# MEDIOS DE PAGO:Aceptamos todas las tarjetas de crÃ©dito y todas las tarjetas de dÃ©bito, abonando hasta en 12 cuotas sin interÃ©s. (MERCADO PAGO)# TE OFRECEMOS:Emitiremos Facturas â€œAâ€ en la medida que el comprador este registrado  en el portal de Mercado Libre como Responsable Inscripto Frente al impuesto al Valor Agregado. Caso contrario emitiremos Facturas tipo B, dado que nuestro sistema factura de manera automÃ¡tica, tomando los datos del Portal.                                                                                 # TE BRINDAMOS:-Personal capacitado para asistencia tÃ©cnica.No olvides darte una vuelta por ""NUESTRO E-SHOP"" para disfrutar de una ""AMPLIA GAMA DE PRODUCTOS"" acordes a tus necesidades.!Â¡Â¡ GRACIAS POR VISITARNOS!!",25,[],Bizcochitos De Grasa Don Satur 200g Bizcocho Salado
https://articulo.mercadolibre.com.ar/MLA-2008439394-talitas-don-satur-mix-semillas-saladas-140g-_JM?highlight=false&headerTopBrand=false#polycard_client=search-nordic&position=27&search_layout=stack&type=item&tracking_id=6df1a6a0-b6e6-4d50-a136-1b6c14636ec6&wid=MLA2008439394&sid=search,1.550,Alimentos y Bebidas > AlmacÃ©n > Galletitas,"**CaracterÃ­sticas del producto:**1. Mezcla de talitas saladas con semillas.2. Elaboradas con ingredientes de alta calidad.3. Textura crujiente y sabor delicioso.4. Ideal para disfrutar como snack en cualquier momento.5. PresentaciÃ³n en envase prÃ¡ctico y hermÃ©tico.**Beneficios:**1. Aportan una combinaciÃ³n Ãºnica de sabores salados y texturas crujientes.2. Perfectas para acompaÃ±ar con bebidas, salsas o untables.3. Snack versÃ¡til y conveniente para llevar a cualquier lugar.4. El envase hermÃ©tico permite mantener la frescura y crocancia de las talitas.5. Producto de calidad a un precio accesible.*DescripciÃ³n:*Disfruta de la irresistible mezcla de sabores y texturas con las Talitas Don Satur Mix Semillas Saladas. Estas deliciosas talitas, elaboradas con ingredientes de primera calidad, ofrecen una experiencia de sabor Ãºnica gracias a la combinaciÃ³n de semillas y sal. Su textura crujiente las convierte en el snack perfecto para disfrutar en cualquier momento del dÃ­a. AdemÃ¡s, su prÃ¡ctico envase hermÃ©tico garantiza la frescura y crocancia de las talitas. AcompaÃ±a tus momentos con un toque de sabor especial a un precio inigualable. Â¡No te pierdas esta exquisita tentaciÃ³n!Somos ""AEH MALL"" ; Tu TIENDA ON LINE - Las 24 hs. los 365 dÃ­as del aÃ±o.Estamos ubicados en: Ruta 28 (PILAR -Zona Nor-Oeste del AMBA - Buenos Aires) y ahora tambiÃ©n en nuestro""NUEVO PUNTO DE RETIRO - En el Microcentro sobre San Martin, a media cuadra de Galerias Pacifico.Si â€œTu Compraâ€ es en modalidad â€œFULLâ€, no te preocupes, Mercado EnvÃ­os FULL, se ocupa desde â€œSUS DEPÃ“SITOSâ€ de enviarte tu compra de manera â€œRÃ¡pida Y Seguraâ€, por lo que no podremos realizar cambios y/o modificaciones dentro de la misma, ya que esta, es despachada de manera robÃ³tica desde los   â€œ CENTROS de ENVÃOS FULLâ€La empresa tiene una PolÃ­tica de InnovaciÃ³n constante, se reserva el derecho de modificar diseÃ±os con los cambios introducidos por los fabricantes sin incurrir en obligaciÃ³n alguna. Las imÃ¡genes puestas en MERCADOLIBRE son de carÃ¡cter ILUSTRATIVO no contractuales, como tambiÃ©n la descripciÃ³n hecha en la publicaciÃ³n.# ENVIOS:Hacemos envÃ­os a todo el paÃ­s, a travÃ©s de Mercado EnvÃ­os o de manera privada.                    # RETIROS Personalmente:   En el CorazÃ³n de C.A.B.A (Zona Microcentro - prÃ³ximo a Galerias Pacifico), te esperamos de 9:00 a 18:00 hs.# MEDIOS DE PAGO:Aceptamos todas las tarjetas de crÃ©dito y todas las tarjetas de dÃ©bito, abonando hasta en 12 cuotas sin interÃ©s. (MERCADO PAGO)# TE OFRECEMOS:Emitiremos Facturas â€œAâ€ en la medida que el comprador este registrado  en el portal de Mercado Libre como Responsable Inscripto Frente al impuesto al Valor Agregado. Caso contrario emitiremos Facturas tipo B, dado que nuestro sistema factura de manera automÃ¡tica, tomando los datos del Portal.                                                                                 # TE BRINDAMOS:-Personal capacitado para asistencia tÃ©cnica.No olvides darte una vuelta por ""NUESTRO E-SHOP"" para disfrutar de una ""AMPLIA GAMA DE PRODUCTOS"" acordes a tus necesidades.!Â¡Â¡ GRACIAS POR VISITARNOS!!",100,['Buen producto.'],Talitas Don Satur Mix Semillas Saladas 140g
https://articulo.mercadolibre.com.ar/MLA-879447916-caja-de-don-satur-x-30-unid-un-solo-sabor-o-combinado-_JM?highlight=false&headerTopBrand=false#polycard_client=search-nordic&position=28&search_layout=stack&type=item&tracking_id=6df1a6a0-b6e6-4d50-a136-1b6c14636ec6&wid=MLA879447916&sid=search,39.999,Alimentos y Bebidas > AlmacÃ©n > Galletitas > Caja Don Satur,El valor corresponde a una caja de Don Satur x 30 unidadesSe puede elegir de un solo gusto o combinado entre clasico y agridulceENVIO GRATIS!,5,[],Caja De Don Satur X 30 Unid Un Solo Sabor O Combinado
https://articulo.mercadolibre.com.ar/MLA-2093751180-bizcochos-don-satur-agridulces-x-3-unidades-_JM?highlight=false&headerTopBrand=true#polycard_client=search-nordic&position=29&search_layout=stack&type=item&tracking_id=6df1a6a0-b6e6-4d50-a136-1b6c14636ec6&wid=MLA2093751180&sid=search,4.300,Alimentos y Bebidas > AlmacÃ©n > Galletitas,"Bizcochos Don Satur Agridulce x3 Paquetes â€“ Â¡ClÃ¡sicos y Crocantes! Â¡El sabor de siempre, ahora en pack ahorro!DisfrutÃ¡ los inconfundibles bizcochos salados Don Satur, crocantes, sabrosos y perfectos para acompaÃ±ar el mate, el cafÃ© o picar algo en cualquier momento del dÃ­a. Incluye 3 paquetes de Don Satur Salados (200g c/u) Bizcochos clÃ¡sicos, con ese toque justo de sal y una textura inigualable.Producto originalFecha de vencimiento vigenteEnvÃ­o rÃ¡pido y seguro a todo el paÃ­sIdeales para tener siempre en casa, llevar al trabajo o sumar a tu almacÃ©n o kiosco.Â¡ComprÃ¡ ahora y disfrutalos bien frescos, como reciÃ©n salidos del horno!",N/A,[],Bizcochos Don Satur Agridulces X 3 Unidades
https://articulo.mercadolibre.com.ar/MLA-1499448199-bizcochos-don-satur-salados-x-3-unidades-_JM?highlight=false&headerTopBrand=true#polycard_client=search-nordic&position=30&search_layout=stack&type=item&tracking_id=6df1a6a0-b6e6-4d50-a136-1b6c14636ec6&wid=MLA1499448199&sid=search,4.300,N/A,N/A,N/A,[],
https://articulo.mercadolibre.com.ar/MLA-1287984293-magdalenas-don-satur-vainilla-con-dulce-de-leche-pack-x12-u-_JM?highlight=false&headerTopBrand=false#polycard_client=search-nordic&position=31&search_layout=stack&type=item&tracking_id=6df1a6a0-b6e6-4d50-a136-1b6c14636ec6&wid=MLA1287984293&sid=search,24.833,Alimentos y Bebidas > AlmacÃ©n > Galletitas > Magdalenas Don Satur,"Â¡Somos Mejor Precio!______________________________________________________________Pack x12 paquetes de Magdalenas Don Satur Rellenas.Sabor vainilla rellenas con dulce de leche.Especificaciones:â€¢ Marca: Don Satur.â€¢ Tipo: Magdalenas.â€¢ Sabor: Vainilla.â€¢ Agregado: Dulce de leche.â€¢ Contenido neto: 220g.â€¢ Cantidad: 12 Paquetes.______________________________________________________________IMPORTANTEâ€¢ REALIZAMOS FACTURA A Y B.â€¢ EL PESO MÃXIMO ES DE 15 KG. SI SE SUPERA, SE CANCELARÃ LA COMPRA.â€¢ LAS IMÃGENES SON ILUSTRATIVAS. LAS PRESENTACIONES PUEDEN VARIAR SIN PREVIO AVISOGarantÃ­a del vendedor: 6 meses",25,['Excelente calidad y precio. Si vale la pena comprarlo asi. Por cantidad.'],Magdalenas Don Satur Vainilla Con Dulce De Leche Pack X12 U
https://articulo.mercadolibre.com.ar/MLA-1287067152-galletitas-bizcocho-de-grasa-don-satur-salado-pack-x12-_JM?highlight=false&headerTopBrand=false#polycard_client=search-nordic&position=32&search_layout=stack&type=item&tracking_id=6df1a6a0-b6e6-4d50-a136-1b6c14636ec6&wid=MLA1287067152&sid=search,12.774,Alimentos y Bebidas > AlmacÃ©n > Galletitas,"Â¡Somos Mejor Precio!______________________________________________________________Bizcochos Salados Don Satur - Pack X12 Paquetes.Los bizcochitos salados de grasa Don Satur argentinos son un tipo de galletas saladas, de tamaÃ±o ovalado y pequeÃ±o. Son tradicionales en la gastronomÃ­a argentina. Suelen ser bastante sÃ³lidos o crocantes.De forma, vistos desde arriba o desde abajo son ovalados de unos tres cm de longitud y unos 1/Â½ cm de anchura mÃ¡xima en su centro. Teniendo casi siempre 8 o 9 pequeÃ±os orificios simÃ©tricamente distribuidos en toda su superficie y espesor.Su color es, merced a la cocciÃ³n, de un muy superficialmente uniforme claro color marrÃ³n claro.Especificaciones:â€¢ Marca: Don Satur.â€¢ Tipo: Bizcocho.â€¢ Sabor: Salado.â€¢ Contenido neto por paquete: 200g.â€¢ Contenido neto total: 2400g.â€¢ Cantidad: 12 paquetes.______________________________________________________________IMPORTANTEâ€¢ REALIZAMOS FACTURA A Y B.â€¢ EL PESO MÃXIMO ES DE 15 KG. SI SE SUPERA, SE CANCELARÃ LA COMPRA.â€¢ LAS IMÃGENES SON ILUSTRATIVAS. LAS PRESENTACIONES PUEDEN VARIAR SIN PREVIO AVISOGarantÃ­a del vendedor: 6 meses",100,"['Sin duda una ricura.', 'Me encantan estos bizcochos, asÃ­ q seguire comprandolos.', 'Excelente calidad y precio.']",Galletitas Bizcocho De Grasa Don Satur Salado - Pack X12
https://www.mercadolibre.com.ar/pack-x2u-madalena-don-satur-de-chips-de-chocolate-200g/p/MLA46497987?highlight=false&headerTopBrand=false#polycard_client=search-nordic&searchVariation=MLA46497987&wid=MLA2022523736&position=11&search_layout=stack&type=product&tracking_id=6df1a6a0-b6e6-4d50-a136-1b6c14636ec6&sid=search,4.736,Alimentos y Bebidas > AlmacÃ©n > Galletitas,"### Puntos clave:- Madalena Don Satur de chips de chocolate.- Contenido: 200 g por paquete.- Pack con 2 unidades.- Elaboradas con ingredientes de alta calidad.- Perfectas para disfrutar en el desayuno o la merienda.- Ideales para compartir en reuniones o eventos.- Textura esponjosa y sabor delicioso a chocolate.- Producto de reconocida marca Don Satur.### DescripciÃ³n:Disfruta de unas deliciosas madalenas Don Satur de chips de chocolate con este pack que incluye 2 unidades de 200 g cada una. Estas madalenas son perfectas para disfrutar en cualquier momento del dÃ­a, ya sea en el desayuno o en la merienda. Elaboradas con ingredientes de alta calidad, ofrecen una textura esponjosa y un sabor irresistible a chocolate. Ideales para compartir en reuniones o eventos, estas madalenas son un verdadero placer para los amantes del dulce.",25,[],Pack X2u Madalena Don Satur De Chips De Chocolate 200Â g
https://articulo.mercadolibre.com.ar/MLA-2008364056-magdalena-don-satur-de-vainilla-200g-_JM?highlight=false&headerTopBrand=false#polycard_client=search-nordic&position=33&search_layout=stack&type=item&tracking_id=6df1a6a0-b6e6-4d50-a136-1b6c14636ec6&wid=MLA2008364056&sid=search,2.368,Alimentos y Bebidas > AlmacÃ©n > Galletitas > Magdalenas Don Satur,"**Puntos clave:**1. Madalena Don Satur de Vainilla.2. Peso: 200 g.3. Elaboradas con ingredientes de alta calidad.4. Delicioso sabor a vainilla.5. Textura esponjosa y suave.6. Ideal para acompaÃ±ar el desayuno o la merienda.7. Producto tradicional de reconocida marca Don Satur.**DescripciÃ³n:**Disfruta de la exquisita Madalena Don Satur de Vainilla en cada bocado. Estas madalenas de 200 g estÃ¡n elaboradas con ingredientes de alta calidad que garantizan su sabor inigualable. Con un delicioso aroma y un toque de vainilla, estas madalenas tienen una textura esponjosa y suave que las convierte en el complemento perfecto para tu desayuno o merienda. Las madalenas Don Satur son un producto tradicional de la reconocida marca Don Satur, asegurando asÃ­ su calidad y autenticidad en cada presentaciÃ³n. Disfruta de un momento dulce y delicioso con estas irresistibles madalenas.Somos ""AEH MALL"" ; Tu TIENDA ON LINE - Las 24 hs. los 365 dÃ­as del aÃ±o.Estamos ubicados en: Ruta 28 (PILAR -Zona Nor-Oeste del AMBA - Buenos Aires) y ahora tambiÃ©n en nuestro""NUEVO PUNTO DE RETIRO - En el Microcentro sobre San Martin, a media cuadra de Galerias Pacifico.Si â€œTu Compraâ€ es en modalidad â€œFULLâ€, no te preocupes, Mercado EnvÃ­os FULL, se ocupa desde â€œSUS DEPÃ“SITOSâ€ de enviarte tu compra de manera â€œRÃ¡pida Y Seguraâ€, por lo que no podremos realizar cambios y/o modificaciones dentro de la misma, ya que esta, es despachada de manera robÃ³tica desde los  â€œ CENTROS de ENVÃOS FULLâ€La empresa tiene una PolÃ­tica de InnovaciÃ³n constante, se reserva el derecho de modificar diseÃ±os con los cambios introducidos por los fabricantes sin incurrir en obligaciÃ³n alguna. Las imÃ¡genes puestas en MERCADOLIBRE son de carÃ¡cter ILUSTRATIVO no contractuales, como tambiÃ©n la descripciÃ³n hecha en la publicaciÃ³n.# ENVIOS:Hacemos envÃ­os a todo el paÃ­s, a travÃ©s de Mercado EnvÃ­os o de manera privada.          # RETIROS Personalmente:  En el CorazÃ³n de C.A.B.A (Zona Microcentro - prÃ³ximo a Galerias Pacifico), te esperamos de 9:00 a 18:00 hs.# MEDIOS DE PAGO:Aceptamos todas las tarjetas de crÃ©dito y todas las tarjetas de dÃ©bito, abonando hasta en 12 cuotas sin interÃ©s. (MERCADO PAGO)# TE OFRECEMOS:Emitiremos Facturas â€œAâ€ en la medida que el comprador este registrado en el portal de Mercado Libre como Responsable Inscripto Frente al impuesto al Valor Agregado. Caso contrario emitiremos Facturas tipo B, dado que nuestro sistema factura de manera automÃ¡tica, tomando los datos del Portal.                                         # TE BRINDAMOS:-Personal capacitado para asistencia tÃ©cnica.No olvides darte una vuelta por ""NUESTRO E-SHOP"" para disfrutar de una ""AMPLIA GAMA DE PRODUCTOS"" acordes a tus necesidades.!Â¡Â¡ GRACIAS POR VISITARNOS!!",25,[],Magdalena Don Satur De Vainilla 200Â g
https://articulo.mercadolibre.com.ar/MLA-1286760170-galletitas-bizcocho-don-satur-dulce-galletas-pack-x12-unid-_JM?highlight=false&headerTopBrand=false#polycard_client=search-nordic&position=34&search_layout=stack&type=item&tracking_id=6df1a6a0-b6e6-4d50-a136-1b6c14636ec6&wid=MLA1286760170&sid=search,12.774,Alimentos y Bebidas > AlmacÃ©n > Galletitas,"Â¡Somos Mejor Precio!______________________________________________________________Bizcochos Dulces Don Satur - Pack X12Los bizcochitos dulces de Don Satur son un tipo de galletas dulces, de tamaÃ±o cuadrado y pequeÃ±o. Son tradicionales en la gastronomÃ­a argentina. Suelen ser bastante sÃ³lidos o crocantes.Especificaciones:â€¢ Marca: Don Satur.â€¢ Tipo: Bizcocho.â€¢ Sabor: Dulce.â€¢ Contenido neto por paquete: 200g.â€¢ Contenido neto total: 2400g.â€¢ Cantidad: 12 paquetes.______________________________________________________________IMPORTANTEâ€¢ REALIZAMOS FACTURA A Y B.â€¢ EL PESO MÃXIMO ES DE 15 KG. SI SE SUPERA, SE CANCELARÃ LA COMPRA.â€¢ LAS IMÃGENES SON ILUSTRATIVAS. LAS PRESENTACIONES PUEDEN VARIAR SIN PREVIO AVISO.GarantÃ­a del vendedor: 6 meses",50,"['Todo perfecto.', 'Son riquisimas , pero excesivamente caras,casi imposible comprar.']",Galletitas Bizcocho Don Satur Dulce Galletas - Pack X12 Unid
https://articulo.mercadolibre.com.ar/MLA-1888573030-chalitas-con-semillas-via-vita-talitas-saladas-sin-tacc-100g-_JM?highlight=false&headerTopBrand=false#polycard_client=search-nordic&position=35&search_layout=stack&type=item&tracking_id=6df1a6a0-b6e6-4d50-a136-1b6c14636ec6&wid=MLA1888573030&sid=search,3.206,Alimentos y Bebidas > AlmacÃ©n > Galletitas,"Chalitas Con Semillas Via Vita Talitas Saladas Sin Tacc 100gPerfectas para cualquier momento del dÃ­a, las Chalitas con Semillas de Via Vita, ofrecen sabor unico y una textura crocante. Estas crujientes chalitas estÃ¡n elaboradas sin gluten, siendo la opciÃ³n ideal para celÃ­acos.- INGREDIENTES: Harina de Arroz, Almidon de Maiz, Fecula de Mandioca, Aceite de Girasol Alto Oleico, Mix de Semillas (sesamo, chia, girasol tostado), Huevo en polvo, Levadura, Azucar, Sal, Espesante Goma Xantica (INS 415).- CONTIENE HUEVO.- Sin leche.- Sin TACC.Somos Puente Al Sabor, especialistas en productos regionales y gourmet con los mejores precios del mercado y envÃ­os a todo el paÃ­s por Mercado EnvÃ­os.PodÃ©s retirar en cualquiera de nuestras 3 sucursales en CABA, consultanos y elegÃ­ la que te quede mÃ¡s cerca!Â¡Cualquier consulta, estamos a tu disposiciÃ³n!GarantÃ­a del vendedor: 30 dÃ­as",4,[],Chalitas Con Semillas Via Vita Talitas Saladas Sin Tacc 100g
https://articulo.mercadolibre.com.ar/MLA-1288004242-magdalenas-don-satur-sabor-vainilla-dulces-pack-x12-_JM?highlight=false&headerTopBrand=false#polycard_client=search-nordic&position=36&search_layout=stack&type=item&tracking_id=6df1a6a0-b6e6-4d50-a136-1b6c14636ec6&wid=MLA1288004242&sid=search,24.833,N/A,N/A,N/A,[],
https://articulo.mercadolibre.com.ar/MLA-1100522305-galletitas-chips-de-chocolate-sin-tacc-doninas-_JM?highlight=false&headerTopBrand=true#polycard_client=search-nordic&position=37&search_layout=stack&type=item&tracking_id=6df1a6a0-b6e6-4d50-a136-1b6c14636ec6&wid=MLA1100522305&sid=search,3.806,Alimentos y Bebidas > AlmacÃ©n > Galletitas > Galletitas Sin Tacc,"Galletitas Chips De Chocolate Sin Tacc Doninas - 200 Grs DIETÃ‰TICA CALLAOPromoviendo un estilo de vida saludable y natural- AtenciÃ³n y calidadComercializamos productos naturales, frutas secas, disecadas, harinas, cereales, legumbres, especias, semillas, panificados integrales y artesanales, alimentos dietÃ©ticos, productos orgÃ¡nicos, cosmÃ©tica natural, suplementos dietarios y mucho mÃ¡s.> PodÃ©s retirar por sucursal- EnvÃ­osHacemos envÃ­os a todo el paÃ­s a travÃ©s de Mercado EnvÃ­os.Realizamos envÃ­os en el dÃ­a dentro de CABA y GBA.- FacturaEmitimos Factura A o B, pedimos que lo especifiquen una vez efectuada la compra.- ProductosTodos nuestros productos son de primera calidad.Â¡MirÃ¡ todos nuestros productos!Â¡Si tenÃ©s alguna pregunta, no dudes en consultarnos!PodÃ©s encontrar todos nuestros producto y mÃ¡s en nuestra web, o bien, ver nuestros artÃ­culos publicados en nuestro E-shop.""https://eshops.mercadolibre.com.ar/DIET%C3%89TICA+CALLAO""",50,[],Galletitas Chips De Chocolate Sin Tacc Doninas
https://articulo.mercadolibre.com.ar/MLA-863832348-bizcochos-salados-don-satur-200g-clasicos-x10-unidades-_JM?highlight=false&headerTopBrand=true#polycard_client=search-nordic&position=38&search_layout=stack&type=item&tracking_id=6df1a6a0-b6e6-4d50-a136-1b6c14636ec6&wid=MLA863832348&sid=search,11.446,Alimentos y Bebidas > AlmacÃ©n > Galletitas,"Â¡Â¡Llegaron los Clasicos Bizcochos Don Satur!!Caja x10Unidades200gr pesa cada unidadPara tomar unos ricos mates por las tardes en familia! No te quedes sin comprar tu caja!!Hacemos Facturas A y BEl precio publicado es exclusivo para las compras por este medio. Puede diferir con el precio en el punto de venta fÃ­sicoLas imÃ¡genes son a modo ilustrativo intentado reflejar lo mÃ¡s real posible sus caracterÃ­sticas.En caso de tener algÃºn inconveniente con el producto recibido, le pedimos por favor que no inicie un reclamo, puede hablarnos por privado para comentarnos el problema y le contestaremos a la brevedad de recibido su mensaje, desde ya muchas gracias.FORMAS DE ENTREGA Y ENVIO:1) DIRECTA:Sin tiempos de espera, podes retirar por nuestra sucursal en las cercanÃ­as de Lanus Oeste. Sin Costo2) MERCADO ENVIOS:envÃ­os a todo el paÃ­s, despachamos dentro de las 12hs de realizada la compra. Costo se consulta en la misma publicaciÃ³n a cargo de Mercado Libre3) ENVIO PROPIO:Despachamos dentro de las 24hs de realizada la compra (dependiendo de la disponibilidad de nuevos envÃ­os). Amplia zona de cobertura. Costo a convenir.â€¢ MUY IMPORTANTE: La fecha de entrega que figura en la publicaciÃ³n es estimativa, pueden surgir demoras de exclusiva responsabilidad del Correo.â€¢ ARMAMOS TU COMBO DE GOLOSINAS CON LAS CANTIDADES QUE NECESITES.GRACIAS POR ELEGIRNOS!",100,"['Excelentes, muy ricos. Ideales para acompaÃ±ar el mate.', 'Excelente mercaderia.\nSuper3fresco.']",Bizcochos Salados Don Satur 200g - ClÃ¡sicos X10 Unidades
https://articulo.mercadolibre.com.ar/MLA-1766432290-bizcochos-don-satur-agridulce-x6-unidades-golosinas-del-sur-_JM?highlight=false&headerTopBrand=false#polycard_client=search-nordic&position=39&search_layout=stack&type=item&tracking_id=6df1a6a0-b6e6-4d50-a136-1b6c14636ec6&wid=MLA1766432290&sid=search,6.713,Alimentos y Bebidas > AlmacÃ©n > Galletitas,"Preguntas frecuentesÂ¿QuÃ© medios de pago aceptan? Aceptamos todos los medios de pago disponibles en Mercado Pago (tarjeta de crÃ©dito, tarjeta de dÃ©bito, transferencias y efectivo en Pago FÃ¡cil y Rapipago)Hacemos factura A y BÂ¿EnvÃ­os al interior? - Si, realizamos envÃ­os al interior a travÃ©s de Mercado envÃ­os, para saber el costo y la demora de tu pedido, debes colocar tu cÃ³digo postal, en el camioncito que se encuentra debajo del precio.Medios de envÃ­o:- Mercado EnvÃ­os:Despachamos en el dÃ­a, envÃ­os 100% asegurados.-Ofrecemos retiro por nuestra Sucursal- EnvÃ­os en el dÃ­a a travÃ©s de Flex- EnvÃ­os al resto del paÃ­s por mercado envÃ­os.DÃ³nde Estamos?Estamos ubicados en Sarandi, Avellaneda -Provincia de Buenos Aires -Horario de atenciÃ³n?Lunes a viernes de 8 a 17 hsSÃ¡bados de 8 a 13 hsHacenos todas las consultas que tengas, para nosotros es un placer ayudarte.Somos una empresa familiar dedicada al rubro de la golosinas hace mas de 50 aÃ±os, encontra la mayor variedad de golosinas en un solo lugar.Gracias a las exitosas ventas y a las excelentes calificaciones que nos abalan, nos convertimos en Mercado Lider Platinum, esperamos que seas nuestro prÃ³ximo cliente!Para ver todos nuestros productos ingresa en:https://listado.mercadolibre.com.ar/_CustId_195731718",25,['Mi compra me parece perfecta y maravillosa.\nMercado libre te amo!!.'],Bizcochos Don Satur Agridulce X6 Unidades *golosinas Del Sur
https://articulo.mercadolibre.com.ar/MLA-1152507697-pack-x-18-unid-talitas-140-gr-don-satur-galletitas-salad-_JM?highlight=false&headerTopBrand=false#polycard_client=search-nordic&position=40&search_layout=stack&type=item&tracking_id=6df1a6a0-b6e6-4d50-a136-1b6c14636ec6&wid=MLA1152507697&sid=search,25.604,Alimentos y Bebidas > AlmacÃ©n > Galletitas,"Este combo esta compuesto por los siguientes productos:PACK X 18 unid. TALITAS  140 GR SKU: MC13138CategorÃ­a/s:GALLETITAS SALADAS ()PACK X 18 unid. TALITAS  140 GR** LAS IMAGENES SON ILUSTRATIVAS, SI TENES DUDAS DE TAMAÃ‘O O VARIEDAD POR FAVOR CONSULTA, YA QUE LOS FABRICANTES CAMBIAN ENVASES Y PACKAGING **** PUEDO RETIRAR EN PERSONA?SÃ­! Puedes acordar el retiro de tu compra en nuestro punto de entrega ubicado en C.A.B.A, zona Saavedra.Debes presentar tu DNI; en caso de no ser el titular de la cuenta, deben enviar un mensaje a travÃ©s de Mercado Libre indicando los datos de quien retira.** ENVIOS A TODO EL PAISUtilizamos Mercado EnvÃ­os para enviar nuestros productos.** CUANDO RECIBIRE MI COMPRA?En la publicaciÃ³n puedes ingresar tu cÃ³digo postal y Mercado EnvÃ­os te indicarÃ¡ una fecha estimativa.Una vez que realices la compra, recibirÃ¡s un mensaje automÃ¡tico con el link de seguimiento de tu compra en Correo Argentino.** MI FACTURAHacemos factura A y B, completa correctamente los datos y nuestro sistema te enviarÃ¡ el comprobante a travÃ©s de la mensajerÃ­a de Mercado Libre.** COMO ME CONTACTO CON USTEDES?Una vez realizada la compra nuestro sistema te enviarÃ¡ un mensaje automÃ¡tico con los datos de contacto, ademÃ¡s puedes usar la mensajerÃ­a de Mercado Libre.***************.  IMPORTANTE ***************.LIMITE DE ENVIO EN MERCADOENVIOS **************************************************â€¢ El peso mÃ¡ximo de cada envÃ­o no puede superar 25 Kg.â€¢ Si necesitas varias unidades, por favor calcula el peso y hace varias compras para NO superar los 25 Kg.. â€¢ Si el peso de la compra supera los 25 Kg., se enviarÃ¡ la cantidad de producto hasta el peso indicado y se reintegrarÃ¡ el resto del importe a traves de mercado pago, de no poder enviarse, se cancelara la compra.",5,[],Pack X 18 Unid. Talitas   140 Gr Don Satur Galletitas Salad
https://articulo.mercadolibre.com.ar/MLA-1288032147-magdalenas-don-satur-chocolate-rellenas-dulce-de-leche-x6-_JM?highlight=false&headerTopBrand=false#polycard_client=search-nordic&position=41&search_layout=stack&type=item&tracking_id=6df1a6a0-b6e6-4d50-a136-1b6c14636ec6&wid=MLA1288032147&sid=search,12.416,Alimentos y Bebidas > AlmacÃ©n > Galletitas > Magdalenas Don Satur,"Â¡Somos Mejor Precio!______________________________________________________________Magdalenas Don Satur sabor chocolate rellenas con dulce de leche - Pack X6.Especificaciones:â€¢ Marca: Don Satur.â€¢ Tipo: Magdalenas.â€¢ Sabor: Chocolate.â€¢ Relleno: Dulce de leche.â€¢ Contenido neto por paquete: 220g.â€¢ Contenido neto total: 1320g.â€¢ Cantidad: 6 Paquetes.______________________________________________________________IMPORTANTEâ€¢ REALIZAMOS FACTURA A Y B.â€¢ EL PESO MÃXIMO ES DE 15 KG. SI SE SUPERA, SE CANCELARÃ LA COMPRA.â€¢ LAS IMÃGENES SON ILUSTRATIVAS. LAS PRESENTACIONES PUEDEN VARIAR SIN PREVIO AVISO.GarantÃ­a del vendedor: 6 meses",5,"['No es lo que pedi.', 'Muy buenas las volverÃ© a comprar.', 'Excelente calidad y precio.']",Magdalenas Don Satur Chocolate Rellenas Dulce De Leche - X6
https://articulo.mercadolibre.com.ar/MLA-2008298108-magdalena-don-satur-de-chocolate-con-dulce-de-leche-220g-_JM?highlight=false&headerTopBrand=false#polycard_client=search-nordic&position=42&search_layout=stack&type=item&tracking_id=6df1a6a0-b6e6-4d50-a136-1b6c14636ec6&wid=MLA2008298108&sid=search,2.499,Alimentos y Bebidas > AlmacÃ©n > Galletitas,"**CaracterÃ­sticas del producto:**1. Madalena Don Satur de Chocolate con Dulce de Leche.2. Peso: 220 g.3. Deliciosa combinaciÃ³n de chocolate y dulce de leche.4. Elaborada con ingredientes de alta calidad.5. Ideal para disfrutar en el desayuno, la merienda o como postre.6. Producto horneado, fresco y listo para consumir.**Beneficios:**1. Sabor Ãºnico que combina lo mejor del chocolate y el dulce de leche.2. Textura esponjosa y suave que se deshace en la boca.3. Perfecta para satisfacer antojos dulces en cualquier momento del dÃ­a.4. Envase prÃ¡ctico que conserva la frescura y el sabor del producto.5. Elaborada por la reconocida marca Don Satur, garantÃ­a de calidad.**DescripciÃ³n:**Disfruta de una experiencia deliciosa con la Madalena Don Satur de Chocolate con Dulce de Leche de 220 g. Esta exquisita madalena combina la intensidad del chocolate con la dulzura del dulce de leche en cada bocado. Elaborada con ingredientes de primera calidad, su textura esponjosa y suave la convierten en el compaÃ±ero perfecto para el desayuno, la merienda o como postre. Con Don Satur, disfruta de un sabor inigualable en cada momento del dÃ­a.Somos ""AEH MALL"" ; Tu TIENDA ON LINE - Las 24 hs. los 365 dÃ­as del aÃ±o.Estamos ubicados en: Ruta 28 (PILAR -Zona Nor-Oeste del AMBA - Buenos Aires) y ahora tambiÃ©n en nuestro""NUEVO PUNTO DE RETIRO - En el Microcentro sobre San Martin, a media cuadra de Galerias Pacifico.Si â€œTu Compraâ€ es en modalidad â€œFULLâ€, no te preocupes, Mercado EnvÃ­os FULL, se ocupa desde â€œSUS DEPÃ“SITOSâ€ de enviarte tu compra de manera â€œRÃ¡pida Y Seguraâ€, por lo que no podremos realizar cambios y/o modificaciones dentro de la misma, ya que esta, es despachada de manera robÃ³tica desde los â€œ CENTROS de ENVÃOS FULLâ€La empresa tiene una PolÃ­tica de InnovaciÃ³n constante, se reserva el derecho de modificar diseÃ±os con los cambios introducidos por los fabricantes sin incurrir en obligaciÃ³n alguna. Las imÃ¡genes puestas en MERCADOLIBRE son de carÃ¡cter ILUSTRATIVO no contractuales, como tambiÃ©n la descripciÃ³n hecha en la publicaciÃ³n.# ENVIOS:Hacemos envÃ­os a todo el paÃ­s, a travÃ©s de Mercado EnvÃ­os o de manera privada.     # RETIROS Personalmente: En el CorazÃ³n de C.A.B.A (Zona Microcentro - prÃ³ximo a Galerias Pacifico), te esperamos de 9:00 a 18:00 hs.# MEDIOS DE PAGO:Aceptamos todas las tarjetas de crÃ©dito y todas las tarjetas de dÃ©bito, abonando hasta en 12 cuotas sin interÃ©s. (MERCADO PAGO)# TE OFRECEMOS:Emitiremos Facturas â€œAâ€ en la medida que el comprador este registrado en el portal de Mercado Libre como Responsable Inscripto Frente al impuesto al Valor Agregado. Caso contrario emitiremos Facturas tipo B, dado que nuestro sistema factura de manera automÃ¡tica, tomando los datos del Portal.                     # TE BRINDAMOS:-Personal capacitado para asistencia tÃ©cnica.No olvides darte una vuelta por ""NUESTRO E-SHOP"" para disfrutar de una ""AMPLIA GAMA DE PRODUCTOS"" acordes a tus necesidades.!Â¡Â¡ GRACIAS POR VISITARNOS!!",50,[],Magdalena Don Satur De Chocolate Con Dulce De Leche 220Â g
https://articulo.mercadolibre.com.ar/MLA-1287274126-galletitas-bizcocho-don-satur-negrito-dulce-pack-x12-unid-_JM?highlight=false&headerTopBrand=false#polycard_client=search-nordic&position=43&search_layout=stack&type=item&tracking_id=6df1a6a0-b6e6-4d50-a136-1b6c14636ec6&wid=MLA1287274126&sid=search,12.774,Alimentos y Bebidas > AlmacÃ©n > Galletitas,"Â¡Somos Mejor Precio!______________________________________________________________Bizcocho Negrito Don Satur - Pack X12.Bizcochos dulces con azÃºcar negro.Especificaciones:â€¢ Marca: Don Satur.â€¢ Tipo: Bizcocho negrito dulce.â€¢ Contenido neto por paquete: 200g.â€¢ Contenido neto total: 2400g.â€¢ Cantidad: 12 paquetes.______________________________________________________________IMPORTANTEâ€¢ REALIZAMOS FACTURA A Y B.â€¢ EL PESO MÃXIMO ES DE 15 KG. SI SE SUPERA, SE CANCELARÃ LA COMPRA.â€¢ LAS IMÃGENES SON ILUSTRATIVAS. LAS PRESENTACIONES PUEDEN VARIAR SIN PREVIO AVISO.GarantÃ­a del vendedor: 6 meses",5,['Muy buenas las volverÃ­a a comprar.'],Galletitas Bizcocho Don Satur Negrito Dulce - Pack X12 Unid
https://articulo.mercadolibre.com.ar/MLA-1288017511-magdalenas-don-satur-vainilla-chips-de-chocolate-pack-x6-_JM?highlight=false&headerTopBrand=false#polycard_client=search-nordic&position=44&search_layout=stack&type=item&tracking_id=6df1a6a0-b6e6-4d50-a136-1b6c14636ec6&wid=MLA1288017511&sid=search,12.416,Alimentos y Bebidas > AlmacÃ©n > Galletitas > Magdalenas Don Satur,"Â¡Somos Mejor Precio!______________________________________________________________Magdalenas Don Satur sabor vainilla con chips de chocolate - Pack X6.Especificaciones:â€¢ Marca: Don Satur.â€¢ Sabor: Vainilla.â€¢ Agregado: Chips de chocolate.â€¢ Contenido neto por paquete: 200g.â€¢ Contenido neto total: 1200g.â€¢ Cantidad: 6 Paquetes.______________________________________________________________IMPORTANTEâ€¢ REALIZAMOS FACTURA A Y B.â€¢ EL PESO MÃXIMO ES DE 15 KG. SI SE SUPERA, SE CANCELARÃ LA COMPRA.â€¢ LAS IMÃGENES SON ILUSTRATIVAS. LAS PRESENTACIONES PUEDEN VARIAR SIN PREVIO AVISO.GarantÃ­a del vendedor: 6 meses",3,[],Magdalenas Don Satur Vainilla Chips De Chocolate - Pack X6
https://articulo.mercadolibre.com.ar/MLA-1286740480-galletitas-bizcocho-de-grasa-don-satur-salado-pack-x30-_JM?highlight=false&headerTopBrand=false#polycard_client=search-nordic&position=45&search_layout=stack&type=item&tracking_id=6df1a6a0-b6e6-4d50-a136-1b6c14636ec6&wid=MLA1286740480&sid=search,31.836,Alimentos y Bebidas > AlmacÃ©n > Galletitas,"Â¡Somos Mejor Precio!______________________________________________________________Bizcochos Salados Don Satur - Pack X30.Los bizcochitos salados de grasa Don Satur argentinos son un tipo de galletas saladas, de tamaÃ±o ovalado y pequeÃ±o. Son tradicionales en la gastronomÃ­a argentina. Suelen ser bastante sÃ³lidos o crocantes.De forma, vistos desde arriba o desde abajo son ovalados de unos tres cm de longitud y unos 1/Â½ cm de anchura mÃ¡xima en su centro. Teniendo casi siempre 8 o 9 pequeÃ±os orificios simÃ©tricamente distribuidos en toda su superficie y espesor.Su color es, merced a la cocciÃ³n, de un muy superficialmente uniforme claro color marrÃ³n claro.Especificaciones:â€¢ Marca: Don Satur.â€¢ Tipo: Bizcocho.â€¢ Sabor: Salado.â€¢ Contenido neto por paquete: 200g.â€¢ Contenido neto total: 6000g.â€¢ Cantidad: 30 paquetes.______________________________________________________________IMPORTANTEâ€¢ REALIZAMOS FACTURA A Y B.â€¢ EL PESO MÃXIMO ES DE 15 KG. SI SE SUPERA, SE CANCELARÃ LA COMPRA.â€¢ LAS IMÃGENES SON ILUSTRATIVAS. LAS PRESENTACIONES PUEDEN VARIAR SIN PREVIO AVISOGarantÃ­a del vendedor: 6 meses",50,"['Lo recomendarÃ© siempre. !!!.', 'RecibÃ­ todo muy bien. Es un buen producto.', 'Te llena de caries, pero con el mate, son imbatibles!!!!.', 'Excelente ðŸ‘Œ.', 'Todo excelente.']",Galletitas Bizcocho De Grasa Don Satur Salado - Pack X30
https://articulo.mercadolibre.com.ar/MLA-1424762805-galletitas-don-satur-bizcocho-salado-x6-u-golosinas-del-sur-_JM?highlight=false&headerTopBrand=false#polycard_client=search-nordic&position=46&search_layout=stack&type=item&tracking_id=6df1a6a0-b6e6-4d50-a136-1b6c14636ec6&wid=MLA1424762805&sid=search,6.713,Alimentos y Bebidas > AlmacÃ©n > Galletitas,"Preguntas frecuentesÂ¿QuÃ© medios de pago aceptan? Aceptamos todos los medios de pago disponibles en Mercado Pago (tarjeta de crÃ©dito, tarjeta de dÃ©bito, transferencias y efectivo en Pago FÃ¡cil y Rapipago)Hacemos factura A y BÂ¿EnvÃ­os al interior? - Si, realizamos envÃ­os al interior a travÃ©s de Mercado envÃ­os, para saber el costo y la demora de tu pedido, debes colocar tu cÃ³digo postal, en el camioncito que se encuentra debajo del precio.Medios de envÃ­o:- Mercado EnvÃ­os:Despachamos en el dÃ­a, envÃ­os 100% asegurados.-Ofrecemos retiro por nuestra Sucursal- EnvÃ­os en el dÃ­a a travÃ©s de Flex- EnvÃ­os al resto del paÃ­s por mercado envÃ­os.DÃ³nde Estamos?Estamos ubicados en Sarandi, Avellaneda -Provincia de Buenos Aires -Horario de atenciÃ³n?Lunes a viernes de 8 a 17 hsSÃ¡bados de 8 a 13 hsHacenos todas las consultas que tengas, para nosotros es un placer ayudarte.Somos una empresa familiar dedicada al rubro de la golosinas hace mas de 50 aÃ±os, encontra la mayor variedad de golosinas en un solo lugar.Gracias a las exitosas ventas y a las excelentes calificaciones que nos abalan, nos convertimos en Mercado Lider Platinum, esperamos que seas nuestro prÃ³ximo cliente!Para ver todos nuestros productos ingresa en:https://listado.mercadolibre.com.ar/_CustId_195731718",25,[],Galletitas Don Satur Bizcocho Salado X6 U -golosinas Del Sur
https://articulo.mercadolibre.com.ar/MLA-1288011182-magdalenas-don-satur-vainilla-chips-de-chocolate-pack-x12-_JM?highlight=false&headerTopBrand=false#polycard_client=search-nordic&position=47&search_layout=stack&type=item&tracking_id=6df1a6a0-b6e6-4d50-a136-1b6c14636ec6&wid=MLA1288011182&sid=search,24.833,Alimentos y Bebidas > AlmacÃ©n > Galletitas > Magdalenas Don Satur,"Â¡Somos Mejor Precio!______________________________________________________________Pack x12 paquetes de Magdalenas Don Satur sabor vainilla con chips de chocolate.Especificaciones:â€¢ Marca: Don Satur.â€¢ Sabor: Vainilla con chips de chocolate.â€¢ Contenido neto por unidad: 200g.â€¢ Cantidad: 12 Paquetes.______________________________________________________________IMPORTANTEâ€¢ REALIZAMOS FACTURA A Y B.â€¢ EL PESO MÃXIMO ES DE 15 KG. SI SE SUPERA, SE CANCELARÃ LA COMPRA.â€¢ LAS IMÃGENES SON ILUSTRATIVAS. LAS PRESENTACIONES PUEDEN VARIAR SIN PREVIO AVISOGarantÃ­a del vendedor: 6 meses",5,[],Magdalenas Don Satur Vainilla Chips De Chocolate - Pack X12
https://articulo.mercadolibre.com.ar/MLA-1446338053-bizcochos-don-satur-vegetal-200-grs-x-20-unidades-_JM?highlight=false&headerTopBrand=false#polycard_client=search-nordic&position=48&search_layout=stack&type=item&tracking_id=6df1a6a0-b6e6-4d50-a136-1b6c14636ec6&wid=MLA1446338053&sid=search,34.000,Alimentos y Bebidas > AlmacÃ©n > Galletitas,El vendedor no incluyÃ³ una descripciÃ³n del producto,3,"['Son muy rica, la consumo por que son vegetariana. Son igual a los tradicionales. No los conseguÃ­a en mi localidad asÃ­ que fue una buena compra.']",Bizcochos Don Satur Vegetal 200 Grs X 20 Unidades
https://articulo.mercadolibre.com.ar/MLA-1462002603-bizcochos-don-satur-vegetal-200-grs-x-2-unidades-_JM?highlight=false&headerTopBrand=false#polycard_client=search-nordic&position=49&search_layout=stack&type=item&tracking_id=6df1a6a0-b6e6-4d50-a136-1b6c14636ec6&wid=MLA1462002603&sid=search,3.500,Alimentos y Bebidas > AlmacÃ©n > Galletitas,El vendedor no incluyÃ³ una descripciÃ³n del producto,5,[],Bizcochos Don Satur Vegetal 200 Grs X 2 Unidades
https://articulo.mercadolibre.com.ar/MLA-863833684-bizcochos-salados-don-satur-200g-pack-20-unidades-_JM?highlight=false&headerTopBrand=true#polycard_client=search-nordic&position=50&search_layout=stack&type=item&tracking_id=6df1a6a0-b6e6-4d50-a136-1b6c14636ec6&wid=MLA863833684&sid=search,21.165,Alimentos y Bebidas > AlmacÃ©n > Galletitas,"Â¡Â¡Llegaron los Clasicos Bizcochos Don Satur!!Caja x20Unidades200gr pesa cada unidadPara tomar unos ricos mates por las tardes en familia! No te quedes sin comprar tu caja!!Hacemos Facturas A y BEl precio publicado es exclusivo para las compras por este medio. Puede diferir con el precio en el punto de venta fÃ­sicoLas imÃ¡genes son a modo ilustrativo intentado reflejar lo mÃ¡s real posible sus caracterÃ­sticas.En caso de tener algÃºn inconveniente con el producto recibido, le pedimos por favor que no inicie un reclamo, puede hablarnos por privado para comentarnos el problema y le contestaremos a la brevedad de recibido su mensaje, desde ya muchas gracias.FORMAS DE ENTREGA Y ENVIO:1) DIRECTA:Sin tiempos de espera, podes retirar por nuestra sucursal en las cercanÃ­as de Lanus Oeste. Sin Costo2) MERCADO ENVIOS:envÃ­os a todo el paÃ­s, despachamos dentro de las 12hs de realizada la compra. Costo se consulta en la misma publicaciÃ³n a cargo de Mercado Libre3) ENVIO PROPIO:Despachamos dentro de las 24hs de realizada la compra (dependiendo de la disponibilidad de nuevos envÃ­os). Amplia zona de cobertura. Costo a convenir.â€¢ MUY IMPORTANTE: La fecha de entrega que figura en la publicaciÃ³n es estimativa, pueden surgir demoras de exclusiva responsabilidad del Correo.â€¢ ARMAMOS TU COMBO DE GOLOSINAS CON LAS CANTIDADES QUE NECESITES.GRACIAS POR ELEGIRNOS!",25,['Un clÃ¡sico. ComprÃ© x mayor para llevar a uruguay.'],Bizcochos Salados Don Satur 200g - Pack 20 Unidades
https://www.mercadolibre.com.ar/galletita-don-satur-pepas-300g/p/MLA16175922?highlight=false&headerTopBrand=false#polycard_client=search-nordic&searchVariation=MLA16175922&wid=MLA1149267609&position=3&search_layout=stack&type=product&tracking_id=6df1a6a0-b6e6-4d50-a136-1b6c14636ec6&sid=search,5.118,Alimentos y Bebidas > AlmacÃ©n > Galletitas > Galletita,N/A,1000,[],Galletita Don Satur Pepas 300Â g
https://articulo.mercadolibre.com.ar/MLA-1287992753-magdalenas-don-satur-marmoladas-vainilla-chocolate-pack-x12-_JM?highlight=false&headerTopBrand=false#polycard_client=search-nordic&position=51&search_layout=stack&type=item&tracking_id=6df1a6a0-b6e6-4d50-a136-1b6c14636ec6&wid=MLA1287992753&sid=search,24.833,Alimentos y Bebidas > AlmacÃ©n > Galletitas > Magdalenas Don Satur,"Â¡Somos Mejor Precio!______________________________________________________________Pack x12 Magdalenas Don Satur Marmoladas.Especificaciones:â€¢ Marca: Don Satur.â€¢ Tipo: Magdalenas.â€¢ Sabor: Vainilla y chocolate.â€¢ Contenido neto por unidad: 200g.â€¢ Cantidad: 12 Paquetes.______________________________________________________________IMPORTANTEâ€¢ REALIZAMOS FACTURA A Y B.â€¢ EL PESO MÃXIMO ES DE 15 KG. SI SE SUPERA, SE CANCELARÃ LA COMPRA.â€¢ LAS IMÃGENES SON ILUSTRATIVAS. LAS PRESENTACIONES PUEDEN VARIAR SIN PREVIO AVISOGarantÃ­a del vendedor: 6 meses",5,[],Magdalenas Don Satur Marmoladas Vainilla Chocolate Pack X12
https://articulo.mercadolibre.com.ar/MLA-1120190016-galletita-don-satur-bizcochos-grasa-pack-6-bolsas-x-200g-_JM?highlight=false&headerTopBrand=false#polycard_client=search-nordic&position=52&search_layout=stack&type=item&tracking_id=6df1a6a0-b6e6-4d50-a136-1b6c14636ec6&wid=MLA1120190016&sid=search,7.032,Alimentos y Bebidas > AlmacÃ©n > Galletitas > Galletita,"** DELIPOP DULCERÃA ONLINE **La publicaciÃ³n son 6 bolsas de 200g Don Satur bizcocho grasa.Somos tu mayorista de golosinas online! ComprÃ¡ todo lo que necesitas para cumpleaÃ±os, eventos, fechas especiales, al mejor precio!ESTAMOS A METROS DEL JUMBO DE SAN MARTÃN - PODES RETIRAR TU PEDIDO SIN CARGO!ENVÃOS A TODO EL PAÃS!> FORMA DE ENVÃO Y RETIRO <>>ENVÃO* Para consultar el costo y tiempo de envÃ­o, ingresÃ¡ tu cÃ³digo postal debajo del precio de la publicaciÃ³n.* Ofrecemos ENVÃO FLEX EN EL DÃA para productos seleccionados comprando antes de las 12 hs, se entrega de 16 a 22hs. CONSULTANOS!>>RETIRO* Podes retirar el producto sin cargo por nuestro depÃ³sito ubicado en San AndrÃ©s, partido de San MartÃ­n. Horario de atenciÃ³n: Lunes a Viernes de 9:00 a 16:00 hs.* TambiÃ©n podes elegir la opciÃ³n de envÃ­o por correo y retirar por la sucursal que te quede mÃ¡s cerca.>> HACEMOS FACTURA A Y B <<IMPORTANTE: Ingresar con mucha atenciÃ³n los datos para el envÃ­o, la fecha estimada de envÃ­o la proporciona el correo y en ocasiones los envÃ­os pueden demorarse o reprogramarse, en ese caso siempre se da aviso por mensaje privado o correo electrÃ³nico.Consultanos por descuentos especiales para compras mayoristas!DELIPOP DULCERÃA ONLINE",25,[],Galletita Don Satur Bizcochos Grasa Pack 6 Bolsas X 200g
https://articulo.mercadolibre.com.ar/MLA-1581832424-galletitas-don-satur-bizcochos-100-vegetal-mejor-precio-_JM?highlight=false&headerTopBrand=false#polycard_client=search-nordic&backend_model=search-backend&position=53&search_layout=stack&type=item&tracking_id=6df1a6a0-b6e6-4d50-a136-1b6c14636ec6&wid=MLA1581832424&sid=search,1.892,Alimentos y Bebidas > AlmacÃ©n > Galletitas,"Â¡Somos Mejor Precio!______________________________________________________________Bizcocho Salado Don Satur Vegetal.Los Bizcochitos Salados de Grasa Don Satur Argentinos son un tipo de galletas saladas, de tamaÃ±o ovalado y pequeÃ±o. Son tradicionales en la gastronomÃ­a argentina. Suelen ser bastante sÃ³lidos o crocantes.Especificaciones:â€¢ Marca: Don Satur.â€¢ Tipo: Bizcocho.â€¢ Sabor: Vegetal.â€¢ Contenido neto: 170g.â€¢ Cantidad: 1 paquete.______________________________________________________________IMPORTANTEâ€¢ REALIZAMOS FACTURA A Y B.â€¢ EL PESO MÃXIMO ES DE 25 KG. SI SE SUPERA, SE CANCELARÃ LA COMPRA.â€¢ LAS IMÃGENES SON ILUSTRATIVAS. LAS PRESENTACIONES PUEDEN VARIAR SIN PREVIO AVISOGarantÃ­a del vendedor: 6 meses",1000,"['Casi casi la calidad de siempre a la que nos tiene acostumbrados la marca el mismo sabor y dios quiera por la panza de mi marido la mitad de calorÃ­as.', 'Excelentes ! buenÃ­sima opciÃ³n vegana ! feliz.', 'Si mi metabolismo me lo permitiese vivirÃ­a comiendo estas cosas!.', 'MÃ¡s ricos q los originales.', 'A mi parecer, saben idÃ©ntico a los tradicionales, son riquÃ­simos.']",Galletitas Don Satur Bizcochos 100% Vegetal - Mejor Precio
https://articulo.mercadolibre.com.ar/MLA-1286887555-galletitas-bizcocho-don-satur-dulce-galletas-pack-x30-unid-_JM?highlight=false&headerTopBrand=false#polycard_client=search-nordic&position=54&search_layout=stack&type=item&tracking_id=6df1a6a0-b6e6-4d50-a136-1b6c14636ec6&wid=MLA1286887555&sid=search,31.836,Alimentos y Bebidas > AlmacÃ©n > Galletitas,"Â¡Somos Mejor Precio!______________________________________________________________Bizcochos Dulces Don Satur - Pack X12Los bizcochitos dulces de Don Satur son un tipo de galletas dulces, de tamaÃ±o cuadrado y pequeÃ±o. Son tradicionales en la gastronomÃ­a argentina. Suelen ser bastante sÃ³lidos o crocantes.Especificaciones:â€¢ Marca: Don Satur.â€¢ Tipo: Bizcocho.â€¢ Sabor: Dulce.â€¢ Contenido neto por paquete: 200g.â€¢ Contenido neto total: 6000g.â€¢ Cantidad: 30 paquetes.______________________________________________________________IMPORTANTEâ€¢ REALIZAMOS FACTURA A Y B.â€¢ EL PESO MÃXIMO ES DE 15 KG. SI SE SUPERA, SE CANCELARÃ LA COMPRA.â€¢ LAS IMÃGENES SON ILUSTRATIVAS. LAS PRESENTACIONES PUEDEN VARIAR SIN PREVIO AVISO.GarantÃ­a del vendedor: 6 meses",25,['Para mÃ­ estaban viejos no tenÃ­an el gusto de diempre.'],Galletitas Bizcocho Don Satur Dulce Galletas - Pack X30 Unid
https://articulo.mercadolibre.com.ar/MLA-1288237304-magdalenas-don-satur-chocolate-rellenas-dulce-de-leche-x12-u-_JM?highlight=false&headerTopBrand=false#polycard_client=search-nordic&position=55&search_layout=stack&type=item&tracking_id=6df1a6a0-b6e6-4d50-a136-1b6c14636ec6&wid=MLA1288237304&sid=search,24.833,Alimentos y Bebidas > AlmacÃ©n > Galletitas > Magdalenas Don Satur,"Â¡Somos Mejor Precio!______________________________________________________________Pack x12 Magdalenas sabor chocolate rellenas con dulce de leche.Especificaciones:â€¢ Marca: Don Saturâ€¢ Sabor: Chocolate.â€¢ Relleno: Dulce de leche.â€¢ Contenido neto por unidad: 220gâ€¢ Cantidad: 12 Paquetes.______________________________________________________________IMPORTANTEâ€¢ REALIZAMOS FACTURA A Y B.â€¢ EL PESO MÃXIMO ES DE 15 KG. SI SE SUPERA, SE CANCELARÃ LA COMPRA.â€¢ LAS IMÃGENES SON ILUSTRATIVAS. LAS PRESENTACIONES PUEDEN VARIAR SIN PREVIO AVISOGarantÃ­a del vendedor: 6 meses",25,['Muy buen producto.'],Magdalenas Don Satur Chocolate Rellenas Dulce De Leche X12 U
